{
  "books": [
    {
    "id": 1,
    "title": "Зеленая миля",
    "author": "Стивен Кинг",
    "year": "1996",
    "isTakenBy": null,
    "mustReturn": null,
     "iconPath": "../public/images/coffe.jpg",
      "available": true
    },
    {
      "id": 2,
      "title": "Как игратьивыигрывать на бирже в 21в.",
      "author": "Александр Элдер",
      "year": "2023",
      "isTakenBy": null,
      "mustReturn": null,
      "iconPath": "../public/images/cash.jpg",
      "available": true
    },
    {
      "id": 3,
      "title": "Думай и богатей",
      "author": "Наполеон Хилл",
      "year": "1937",
      "isTakenBy": null,
      "mustReturn": null,
      "iconPath": "../public/images/hill.jpg",
      "available": true
    },
    {
      "id": 4,
      "title": "Самурай без меча",
      "author": "Китами Масао",
      "year": "2019",
      "isTakenBy": null,
      "mustReturn": null,
      "iconPath": "../public/images/samurai.jpg",
      "available": true
    },
    {
      "id": 5,
      "title": "Разумный инвестор",
      "author": "Бенджамин Грэм>",
      "year": "1949",
      "isTakenBy": null,
      "mustReturn": null,
      "iconPath": "../public/images/cash2.jpg",
      "available": true
    }
  ]
}