{"news":[{"id":0,"id_user":0,"news_name":"Good news","news_body":"Nolik began to take doping, which is why he grew up","news_date":"2023-10-21","photo":"https://localhost:3000/public/images/null.jpg"},{"id":1,"id_user":1,"news_name":"Have a nice day","news_body":"I smiled a lot today!","news_date":"2023-10-22","photo":"https://localhost:3000/public/images/sim.jpg"},{"id":2,"id_user":2,"news_name":"Gym boss","news_body":"I just pushed 100 kg right now!!!","news_date":"2023-10-23","photo":"https://localhost:3000/public/images/papus.jpg"},{"id":3,"id_user":3,"news_name":"Over and over again..","news_body":"Children are noisy again :(","news_date":"2023-10-21","photo":"https://localhost:3000/public/images/masya.jpg"},{"id":4,"id_user":0,"news_name":"ass","news_body":"ass","photo":"https://localhost:3000/public/images/null.jpg"},{"id":5,"id_user":4,"news_name":"ia","news_body":"souf","photo":"https://localhost:3000/public/images/user.png"},{"id":6,"id_user":4,"news_name":"оо","news_body":"оо","photo":"https://localhost:3000/public/images/user.png"},{"id":7,"id_user":1,"news_name":"qq","news_body":"qq","photo":"https://localhost:3000/public/images/sim.jpg"},{"id":8,"id_user":1,"news_name":"i passed a lab?!)","news_body":"???????????????","photo":"https://localhost:3000/public/images/sim.jpg"},{"id":9,"id_user":1,"news_name":";kejbflibhf","news_body":"asdasd","photo":"https://localhost:3000/public/images/sim.jpg"}]}