{
  "news": [
    {
      "id": 0,
      "id_user": 0,
      "title": "Good news",
      "body": "Nolik began to take doping, which is why he grew up",
      "date":  "2023-10-21",
      "ava": "../public/images/null.jpg"
    },
    {
      "id": 1,
      "id_user": 1,
      "title": "Have a nice day",
      "body": "I smiled a lot today!",
      "date":  "2023-10-22",
      "ava": "../public/images/sim.jpg"

    },
    {
      "id": 2,
      "id_user": 2,
      "title": "Gym boss",
      "body": "I just pushed 100 kg right now!!!",
      "date":  "2023-10-23",
      "ava": "../public/images/papus.jpg"
    },
    {
      "id": 3,
      "id_user": 0,
      "title": "Bad news",
      "body": "Nolik has dissapeared!!!!!!!",
      "date":  "2023-10-21",
      "ava": "../public/images/null.jpg"
    },
    {
      "id": 4,
      "id_user": 3,
      "title": "Over and over again..",
      "body": "Children are noisy again :(",
      "date":  "2023-10-21",
      "ava": "../public/images/masya.jpg"
    }
  ]
}