{"frames":{"tank_ter_down":{"frame":{"x":158,"y":0,"w":70,"h":94},"rotated":false,"trimmed":false,"spriteSourceSize":{"x":0,"y":0,"w":70,"h":94},"sourceSize":{"w":70,"h":94}},"tank_ter_up":{"frame":{"x":228,"y":0,"w":70,"h":94},"rotated":false,"trimmed":false,"spriteSourceSize":{"x":0,"y":0,"w":70,"h":94},"sourceSize":{"w":70,"h":94}},"tank_kt_down":{"frame":{"x":158,"y":94,"w":70,"h":94},"rotated":false,"trimmed":false,"spriteSourceSize":{"x":0,"y":0,"w":70,"h":94},"sourceSize":{"w":70,"h":94}},"tank_ter_left":{"frame":{"x":0,"y":210,"w":94,"h":70},"rotated":false,"trimmed":false,"spriteSourceSize":{"x":0,"y":0,"w":94,"h":70},"sourceSize":{"w":94,"h":70}},"tank_kt_left":{"frame":{"x":0,"y":70,"w":94,"h":70},"rotated":false,"trimmed":false,"spriteSourceSize":{"x":0,"y":0,"w":94,"h":70},"sourceSize":{"w":94,"h":70}},"tank_kt_right":{"frame":{"x":0,"y":140,"w":94,"h":70},"rotated":false,"trimmed":false,"spriteSourceSize":{"x":0,"y":0,"w":94,"h":70},"sourceSize":{"w":94,"h":70}},"rocket_left":{"frame":{"x":94,"y":0,"w":64,"h":64},"rotated":false,"trimmed":false,"spriteSourceSize":{"x":0,"y":0,"w":64,"h":64},"sourceSize":{"w":64,"h":64}},"rocket_right":{"frame":{"x":94,"y":210,"w":64,"h":64},"rotated":false,"trimmed":false,"spriteSourceSize":{"x":0,"y":0,"w":64,"h":64},"sourceSize":{"w":64,"h":64}},"tank_kt_up":{"frame":{"x":228,"y":94,"w":70,"h":94},"rotated":false,"trimmed":false,"spriteSourceSize":{"x":0,"y":0,"w":70,"h":94},"sourceSize":{"w":70,"h":94}},"rocket_down":{"frame":{"x":158,"y":210,"w":64,"h":64},"rotated":false,"trimmed":false,"spriteSourceSize":{"x":0,"y":0,"w":64,"h":64},"sourceSize":{"w":64,"h":64}},"tank_ter_right":{"frame":{"x":0,"y":0,"w":94,"h":70},"rotated":false,"trimmed":false,"spriteSourceSize":{"x":0,"y":0,"w":94,"h":70},"sourceSize":{"w":94,"h":70}},"coin":{"frame":{"x":94,"y":140,"w":64,"h":64},"rotated":false,"trimmed":false,"spriteSourceSize":{"x":0,"y":0,"w":64,"h":64},"sourceSize":{"w":64,"h":64}},"med":{"frame":{"x":94,"y":64,"w":64,"h":64},"rotated":false,"trimmed":false,"spriteSourceSize":{"x":0,"y":0,"w":64,"h":64},"sourceSize":{"w":64,"h":64}},"rocket_up":{"frame":{"x":228,"y":188,"w":64,"h":64},"rotated":false,"trimmed":false,"spriteSourceSize":{"x":0,"y":0,"w":64,"h":64},"sourceSize":{"w":64,"h":64}}},"meta":{"app":"https://www.leshylabs.com/apps/sstool/","version":"Leshy SpriteSheet Tool v0.8.4","image":"spritesheet.png","size":{"w":298,"h":280},"scale":1}}