{ "compressionlevel":-1,
 "height":20,
 "infinite":false,
 "layers":[
        {
         "data":[233, 238, 238, 238, 238, 238, 238, 238, 238, 238, 238, 238, 238, 238, 238, 238, 238, 238, 238, 239,
            259, 219, 219, 219, 219, 219, 219, 219, 259, 219, 219, 219, 259, 219, 219, 220, 220, 259, 219, 259,
            259, 238, 238, 238, 238, 238, 239, 219, 259, 219, 219, 219, 259, 219, 219, 219, 220, 259, 219, 259,
            259, 219, 219, 219, 220, 220, 259, 219, 259, 219, 219, 219, 259, 219, 219, 219, 219, 259, 219, 259,
            259, 219, 219, 219, 219, 220, 259, 219, 259, 219, 219, 219, 259, 219, 219, 219, 219, 259, 219, 259,
            259, 219, 219, 219, 219, 219, 259, 219, 259, 219, 219, 219, 278, 219, 219, 219, 219, 278, 219, 259,
            259, 219, 219, 219, 238, 238, 299, 219, 293, 238, 219, 219, 219, 219, 219, 219, 219, 219, 219, 259,
            259, 219, 219, 219, 219, 219, 219, 219, 219, 219, 219, 219, 219, 219, 219, 219, 238, 239, 219, 259,
            259, 219, 219, 219, 238, 238, 239, 219, 233, 238, 238, 238, 238, 238, 239, 219, 220, 293, 238, 259,
            259, 219, 219, 219, 219, 219, 259, 219, 259, 258, 219, 219, 219, 219, 259, 219, 219, 220, 258, 259,
            259, 219, 219, 219, 219, 219, 259, 219, 259, 278, 219, 219, 219, 219, 219, 219, 219, 219, 278, 259,
            259, 219, 219, 219, 219, 219, 259, 219, 259, 219, 219, 219, 219, 219, 259, 219, 219, 219, 219, 259,
            259, 219, 219, 219, 219, 219, 219, 219, 293, 238, 238, 238, 219, 238, 299, 219, 219, 219, 219, 259,
            259, 219, 219, 219, 219, 219, 219, 219, 219, 219, 219, 219, 219, 219, 219, 219, 219, 219, 219, 259,
            259, 220, 219, 219, 219, 219, 259, 219, 219, 219, 219, 219, 219, 219, 219, 219, 238, 238, 238, 259,
            259, 258, 220, 219, 219, 219, 259, 219, 258, 219, 219, 219, 219, 219, 219, 219, 219, 219, 219, 259,
            259, 278, 220, 220, 219, 219, 259, 219, 259, 219, 219, 219, 219, 219, 219, 219, 239, 219, 219, 259,
            259, 238, 238, 238, 238, 238, 299, 219, 293, 238, 238, 238, 239, 220, 219, 219, 259, 219, 219, 259,
            259, 219, 219, 219, 219, 219, 219, 219, 219, 219, 219, 219, 259, 220, 220, 219, 259, 219, 219, 259,
            293, 238, 238, 238, 238, 238, 238, 238, 238, 238, 238, 238, 238, 238, 238, 238, 238, 238, 238, 299],
         "height":20,
         "id":1,
         "name":"\u0421\u043b\u043e\u0439 \u0442\u0430\u0439\u043b\u043e\u0432 1",
         "opacity":1,
         "type":"tilelayer",
         "visible":true,
         "width":20,
         "x":0,
         "y":0
        }, 
        {
         "draworder":"topdown",
         "id":2,
         "name":"\u0421\u043b\u043e\u0439 \u043e\u0431\u044a\u0435\u043a\u0442\u043e\u0432 1",
         "objects":[
                {
                 "gid":401,
                 "height":64,
                 "id":1,
                 "name":"coin2",
                 "rotation":0,
                 "type":"Bonus",
                 "visible":true,
                 "width":64,
                 "x":1184,
                 "y":1508
                }, 
                {
                 "gid":401,
                 "height":64,
                 "id":2,
                 "name":"coin3",
                 "rotation":0,
                 "type":"Bonus",
                 "visible":true,
                 "width":64,
                 "x":160,
                 "y":2404
                }, 
                {
                 "gid":401,
                 "height":64,
                 "id":3,
                 "name":"coin1",
                 "rotation":0,
                 "type":"Bonus",
                 "visible":true,
                 "width":64,
                 "x":2076,
                 "y":480
                }, 
                {
                 "gid":402,
                 "height":70,
                 "id":4,
                 "name":"player",
                 "rotation":0,
                 "type":"Player",
                 "visible":true,
                 "width":94,
                 "x":145,
                 "y":227
                }, 
                {
                 "gid":403,
                 "height":94,
                 "id":5,
                 "name":"enemy1",
                 "rotation":0,
                 "type":"Tank",
                 "visible":true,
                 "width":70,
                 "x":2337,
                 "y":2415
                }],
         "opacity":1,
         "type":"objectgroup",
         "visible":true,
         "x":0,
         "y":0
        }],
 "nextlayerid":3,
 "nextobjectid":6,
 "orientation":"orthogonal",
 "renderorder":"right-down",
 "tiledversion":"1.10.2",
 "tileheight":128,
 "tilesets":[
        {
         "columns":20,
         "firstgid":1,
         "image":"../public/images/map_preview.png",
         "imageheight":2560,
         "imagewidth":2560,
         "margin":0,
         "name":"map_preview",
         "spacing":0,
         "tilecount":400,
         "tileheight":128,
         "tilewidth":128
        }, 
        {
         "columns":1,
         "firstgid":401,
         "image":"../public/images/coin.png",
         "imageheight":64,
         "imagewidth":64,
         "margin":0,
         "name":"coin",
         "spacing":0,
         "tilecount":1,
         "tileheight":64,
         "tilewidth":64
        }, 
        {
         "columns":1,
         "firstgid":402,
         "image":"../public/images/tank_kt_right.png",
         "imageheight":70,
         "imagewidth":94,
         "margin":0,
         "name":"tank_kt_right",
         "spacing":0,
         "tilecount":1,
         "tileheight":70,
         "tilewidth":94
        }, 
        {
         "columns":1,
         "firstgid":403,
         "image":"../public/images/tank_ter_up.png",
         "imageheight":94,
         "imagewidth":70,
         "margin":0,
         "name":"tank_ter_up",
         "spacing":0,
         "tilecount":1,
         "tileheight":94,
         "tilewidth":70
        }],
 "tilewidth":128,
 "type":"map",
 "version":"1.10",
 "width":20
}